"RK",TIERS,"PLAYER NAME",TEAM,"POS","BYE WEEK","UPSIDE ","BUST ","SOS SEASON","ECR VS. ADP"
"1",1,"Ja'Marr Chase",CIN,"WR1","6","5 out of 5","1 out of 5","4 out of 5 stars","+2"
"2",1,"Jahmyr Gibbs",DET,"RB1","6","5 out of 5","1 out of 5","5 out of 5 stars","-1"
"3",1,"Puka Nacua",LAR,"WR2","11","5 out of 5","2 out of 5","1 out of 5 stars","+1"
"4",1,"Bijan Robinson",ATL,"RB2","11","5 out of 5","1 out of 5","2 out of 5 stars","-2"
"5",1,"Jaxon Smith-Njigba",SEA,"WR3","11","5 out of 5","2 out of 5","3 out of 5 stars","+1"
"6",1,"Amon-Ra St. Brown",DET,"WR4","6","5 out of 5","1 out of 5","4 out of 5 stars","+2"
"7",2,"CeeDee Lamb",DAL,"WR5","14","4 out of 5","2 out of 5","2 out of 5 stars","+3"
"8",2,"Justin Jefferson",MIN,"WR6","6","","","5 out of 5 stars","+4"
"9",2,"Christian McCaffrey",SF,"RB3","8","4 out of 5","4 out of 5","2 out of 5 stars","-4"
"10",2,"Jonathan Taylor",IND,"RB4","13","4 out of 5","3 out of 5","4 out of 5 stars","-3"
"11",2,"Drake London",ATL,"WR7","11","","","3 out of 5 stars","+9"
"12",2,"A.J. Brown",NE,"WR8","11","","","2 out of 5 stars","+6"
"13",3,"James Cook III",BUF,"RB5","7","5 out of 5","1 out of 5","2 out of 5 stars","-4"
"14",3,"Nico Collins",HOU,"WR9","8","","","3 out of 5 stars","+10"
"15",3,"Chase Brown",CIN,"RB6","6","","","2 out of 5 stars","-2"
"16",3,"Chris Olave",NO,"WR10","8","","","3 out of 5 stars","+10"
"17",3,"Trey McBride",ARI,"TE1","14","4 out of 5","2 out of 5","2 out of 5 stars","+8"
"18",3,"George Pickens",DAL,"WR11","14","","","2 out of 5 stars","+5"
"19",3,"Brock Bowers",LV,"TE2","13","5 out of 5","1 out of 5","3 out of 5 stars","+3"
"20",3,"De'Von Achane",MIA,"RB7","6","","","3 out of 5 stars","-9"
"21",3,"DeVonta Smith",PHI,"WR12","10","","","4 out of 5 stars","+11"
"22",3,"Saquon Barkley",PHI,"RB8","10","","","4 out of 5 stars","-8"
"23",3,"Malik Nabers",NYG,"WR13","8","","","4 out of 5 stars","+4"
"24",4,"Kenneth Walker III",KC,"RB9","5","","","3 out of 5 stars","-7"
"25",4,"Omarion Hampton",LAC,"RB10","7","","","3 out of 5 stars","-10"
"26",4,"Josh Allen",BUF,"QB1","7","5 out of 5","2 out of 5","3 out of 5 stars","-5"
"",4
"27",4,"Rashee Rice",KC,"WR14","5","","","2 out of 5 stars","+4"
"28",4,"Ashton Jeanty",LV,"RB11","13","","","2 out of 5 stars","-9"
"29",4,"Zay Flowers",BAL,"WR15","13","","","4 out of 5 stars","+6"
"30",4,"Garrett Wilson",NYJ,"WR16","13","","","4 out of 5 stars","+9"
"31",4,"Lamar Jackson",BAL,"QB2","13","4 out of 5","4 out of 5","3 out of 5 stars","+5"
"32",4,"Ladd McConkey",LAC,"WR17","7","","","2 out of 5 stars","+11"
"33",4,"Jaylen Waddle",DEN,"WR18","10","","","2 out of 5 stars","+13"
"34",4,"Colston Loveland",CHI,"TE3","10","5 out of 5","2 out of 5","2 out of 5 stars","+6"
"35",4,"Tetairoa McMillan",CAR,"WR19","5","","","2 out of 5 stars","+3"
"36",4,"Tee Higgins",CIN,"WR20","6","","","4 out of 5 stars","+5"
"37",4,"Drake Maye",NE,"QB3","11","5 out of 5","1 out of 5","2 out of 5 stars","+15"
"38",4,"Derrick Henry",BAL,"RB12","13","","","3 out of 5 stars","-22"
"39",5,"Breece Hall",NYJ,"RB13","13","","","3 out of 5 stars","-6"
"40",5,"Jeremiyah Love",ARI,"RB14","14","","","2 out of 5 stars","-10"
"41",5,"Emeka Egbuka",TB,"WR21","10","","","4 out of 5 stars","+1"
"42",5,"Kyren Williams",LAR,"RB15","11","","","5 out of 5 stars","-13"
"43",5,"Javonte Williams",DAL,"RB16","14","","","4 out of 5 stars","-15"
"44",5,"Joe Burrow",CIN,"QB4","6","4 out of 5","4 out of 5","3 out of 5 stars","+10"
"45",5,"Travis Etienne Jr.",NO,"RB17","8","","","3 out of 5 stars","-11"
"46",5,"Luther Burden III",CHI,"WR22","10","","","3 out of 5 stars","+7"
"47",5,"Terry McLaurin",WAS,"WR23","7","","","2 out of 5 stars","+8"
"48",5,"Davante Adams",LAR,"WR24","11","","","1 out of 5 stars","+2"
"49",5,"DJ Moore",BUF,"WR25","7","","","4 out of 5 stars","-1"
"50",5,"D'Andre Swift",CHI,"RB18","10","","","2 out of 5 stars","-6"
"51",5,"Jameson Williams",DET,"WR26","6","","","4 out of 5 stars","+7"
"52",5,"Tyler Warren",IND,"TE4","13","5 out of 5","2 out of 5","3 out of 5 stars","-1"
"53",6,"Bucky Irving",TB,"RB19","10","","","2 out of 5 stars","-6"
"54",6,"Christian Watson",GB,"WR27","11","","","5 out of 5 stars","+11"
"55",6,"Cam Skattebo",NYG,"RB20","8","","","4 out of 5 stars","-18"
"56",6,"Jalen Hurts",PHI,"QB5","10","4 out of 5","3 out of 5","5 out of 5 stars","+6"
"57",6,"Jayden Daniels",WAS,"QB6","7","","","2 out of 5 stars","+4"
"58",6,"Rome Odunze",CHI,"WR28","10","","","3 out of 5 stars","+1"
"59",6,"Parker Washington",JAC,"WR29","7","","","4 out of 5 stars","+4"
"60",6,"David Montgomery",HOU,"RB21","8","","","4 out of 5 stars","-11"
"61",6,"Mike Evans",SF,"WR30","8","","","2 out of 5 stars","+6"
"62",6,"Quinshon Judkins",CLE,"RB22","11","","","3 out of 5 stars","-17"
"63",6,"Caleb Williams",CHI,"QB7","10","","","3 out of 5 stars","+15"
"64",6,"Bhayshul Tuten",JAC,"RB23","7","","","4 out of 5 stars","-8"
"65",6,"Jadarian Price",SEA,"RB24","11","","","4 out of 5 stars","-8"
"66",6,"Carnell Tate",TEN,"WR31","9","","","3 out of 5 stars","+9"
"67",6,"Marvin Harrison Jr.",ARI,"WR32","14","","","2 out of 5 stars","+5"
"68",6,"TreVeyon Henderson",NE,"RB25","11","","","2 out of 5 stars","-8"
"69",6,"Justin Herbert",LAC,"QB8","7","","","2 out of 5 stars","+14"
"70",6,"Rhamondre Stevenson",NE,"RB26","11","","","2 out of 5 stars","-6"
"71",6,"Jaylen Warren",PIT,"RB27","9","","","2 out of 5 stars","-3"
"72",6,"Chris Godwin Jr.",TB,"WR33","10","","","4 out of 5 stars","+15"
"73",6,"Trevor Lawrence",JAC,"QB9","7","","","4 out of 5 stars","+15"
"74",6,"Harold Fannin Jr.",CLE,"TE5","11","4 out of 5","3 out of 5","3 out of 5 stars","-8"
"75",6,"Dak Prescott",DAL,"QB10","14","","","2 out of 5 stars","-1"
"76",7,"Kyle Pitts Sr.",ATL,"TE6","11","","","3 out of 5 stars","-5"
"77",7,"DK Metcalf",PIT,"WR34","9","","","3 out of 5 stars","+3"
"78",7,"Tucker Kraft",GB,"TE7","11","","","2 out of 5 stars","-9"
"79",7,"Brian Thomas Jr.",JAC,"WR35","7","","","4 out of 5 stars","+5"
"80",7,"Michael Pittman Jr.",PIT,"WR36","9","","","3 out of 5 stars","+14"
"81",7,"Tony Pollard",TEN,"RB28","9","","","3 out of 5 stars","-5"
"82",7,"Courtland Sutton",DEN,"WR37","10","","","2 out of 5 stars","-5"
"83",7,"Wan'Dale Robinson",TEN,"WR38","9","","","3 out of 5 stars","+20"
"84",7,"Rico Dowdle",PIT,"RB29","9","","","2 out of 5 stars","-5"
"85",7,"Sam LaPorta",DET,"TE8","6","","","3 out of 5 stars","-12"
"86",7,"Michael Wilson",ARI,"WR39","14","","","2 out of 5 stars","0"
"87",7,"Josh Downs",IND,"WR40","13","","","4 out of 5 stars","+32"
"88",7,"Jonathon Brooks",CAR,"RB30","5","","","1 out of 5 stars","-7"
"89",7,"Quentin Johnston",LAC,"WR41","7","","","2 out of 5 stars","+15"
"90",7,"RJ Harvey",DEN,"RB31","10","","","2 out of 5 stars","-5"
"",7
"91",7,"Stefon Diggs",WAS,"WR42","7","","","2 out of 5 stars","+7"
"92",7,"Brock Purdy",SF,"QB11","8","","","1 out of 5 stars","+23"
"93",7,"George Kittle",SF,"TE9","8","","","3 out of 5 stars","-11"
"94",7,"Kenny Gainwell",TB,"RB32","10","","","2 out of 5 stars","-1"
"95",7,"Bo Nix",DEN,"QB12","10","","","3 out of 5 stars","+19"
"96",7,"Travis Kelce",KC,"TE10","5","","","4 out of 5 stars","-4"
"97",7,"Jaxson Dart",NYG,"QB13","8","","","4 out of 5 stars","-1"
"98",7,"Chuba Hubbard",CAR,"RB33","5","","","1 out of 5 stars","-8"
"99",7,"Alec Pierce",IND,"WR43","13","","","4 out of 5 stars","-8"
"100",7,"J.K. Dobbins",DEN,"RB34","10","","","2 out of 5 stars","-11"
"101",7,"Patrick Mahomes II",KC,"QB14","5","","","2 out of 5 stars","+8"
"102",8,"Jayden Reed",GB,"WR44","11","","","5 out of 5 stars","+19"
"103",8,"Jared Goff",DET,"QB15","6","","","5 out of 5 stars","+23"
"104",8,"Matthew Stafford",LAR,"QB16","11","","","3 out of 5 stars","-7"
"105",8,"Jakobi Meyers",JAC,"WR45","7","","","4 out of 5 stars","+18"
"106",8,"Jordan Addison",MIN,"WR46","6","","","5 out of 5 stars","+1"
"107",8,"KC Concepcion",CLE,"WR47","11","","","3 out of 5 stars","+18"
"108",8,"Makai Lemon",PHI,"WR48","10","","","4 out of 5 stars","+5"
"109",8,"Blake Corum",LAR,"RB35","11","","","5 out of 5 stars","-10"
"110",8,"MarShawn Lloyd",GB,"RB36","11","","","4 out of 5 stars","-10"
"111",8,"Dalton Kincaid",BUF,"TE11","7","","","3 out of 5 stars","+11"
"112",8,"Rachaad White",WAS,"RB37","7","","","4 out of 5 stars","+6"
"113",8,"Jordan Mason",MIN,"RB38","6","","","4 out of 5 stars","-11"
"114",8,"Kyler Murray",MIN,"QB17","6","","","5 out of 5 stars","+23"
"115",8,"Jacory Croskey-Merritt",WAS,"RB39","7","","","4 out of 5 stars","-5"
"116",8,"Jordan Love",GB,"QB18","11","","","4 out of 5 stars","+31"
"117",8,"Aaron Jones Sr.",MIN,"RB40","6","","","4 out of 5 stars","+3"
"118",8,"Isaiah Likely",NYG,"TE12","8","","","3 out of 5 stars","-13"
"119",8,"Baker Mayfield",TB,"QB19","10","","","2 out of 5 stars","+21"
"120",8,"Jake Ferguson",DAL,"TE13","14","","","2 out of 5 stars","-3"
"121",8,"Dallas Goedert",PHI,"TE14","10","","","4 out of 5 stars","-9"
"122",8,"Kyle Monangai",CHI,"RB41","10","","","2 out of 5 stars","-16"
"123",8,"De'Zhaun Stribling",SF,"WR49","8","","","2 out of 5 stars","-12"
"124",8,"Khalil Shakir",BUF,"WR50","7","","","4 out of 5 stars","+24"
"125",8,"Matthew Golden",GB,"WR51","11","","","5 out of 5 stars","+2"
"126",8,"Tyler Shough",NO,"QB20","8","","","3 out of 5 stars","+28"
"127",8,"Jalen Coker",CAR,"WR52","5","","","2 out of 5 stars","+15"
"128",8,"Romeo Doubs",NE,"WR53","11","","","2 out of 5 stars","+1"
"129",8,"Juwan Johnson",NO,"TE15","8","","","2 out of 5 stars","+20"
"130",8,"Malik Willis",MIA,"QB21","6","","","3 out of 5 stars","+38"
"131",8,"Xavier Worthy",KC,"WR54","5","","","2 out of 5 stars","-1"
"132",8,"Mark Andrews",BAL,"TE16","13","","","4 out of 5 stars","-4"
"133",8,"Woody Marks",HOU,"RB42","8","","","4 out of 5 stars","-2"
"134",8,"Tyler Allgeier",ARI,"RB43","14","","","2 out of 5 stars","+7"
"135",9,"Jordyn Tyson",NO,"WR55","8","","","3 out of 5 stars","+11"
"136",9,"Sam Darnold",SEA,"QB22","11","","","4 out of 5 stars","+48"
"137",9,"Tyjae Spears",TEN,"RB44","9","","","3 out of 5 stars","+6"
"138",9,"Chris Rodriguez Jr.",JAC,"RB45","7","","","4 out of 5 stars","-4"
"139",9,"C.J. Stroud",HOU,"QB23","8","","","4 out of 5 stars","+42"
"140",9,"Deebo Samuel Sr.",SF,"WR56","8","","","2 out of 5 stars","-5"
"141",9,"Rashid Shaheed",SEA,"WR57","11","","","3 out of 5 stars","+3"
"142",9,"Daniel Jones",IND,"QB24","13","","","4 out of 5 stars","+36"
"143",9,"Jonah Coleman",DEN,"RB46","10","","","2 out of 5 stars","+9"
"144",9,"Dylan Sampson",CLE,"RB47","11","","","3 out of 5 stars","+26"
"145",9,"Keaton Mitchell",LAC,"RB48","7","","","3 out of 5 stars","+16"
"146",9,"Denzel Boston",CLE,"WR58","11","","","3 out of 5 stars","+26"
"147",9,"Mike Washington Jr.",LV,"RB49","13","","","2 out of 5 stars","-9"
"148",9,"Zach Charbonnet",SEA,"RB50","11","","","4 out of 5 stars","-3"
"149",9,"Cam Ward",TEN,"QB25","9","","","3 out of 5 stars","+82"
"150",9,"Josh Jacobs",GB,"RB51","11","","","4 out of 5 stars","-80"
"151",9,"Brenton Strange",JAC,"TE17","7","","","3 out of 5 stars","+6"
"152",9,"Tre Tucker",LV,"WR59","13","","","2 out of 5 stars","+21"
"153",9,"Houston Texans",HOU,"DST1","8","","","2 out of 5 stars","-52"
"154",9,"Dalton Schultz",HOU,"TE18","8","","","4 out of 5 stars","+21"
"155",9,"Chig Okonkwo",WAS,"TE19","7","","","1 out of 5 stars","+46"
"156",9,"Hunter Henry",NE,"TE20","11","","","4 out of 5 stars","0"
"157",9,"Adonai Mitchell",NYJ,"WR60","13","","","4 out of 5 stars","+78"
"158",9,"Alvin Kamara",NO,"RB52","8","","","3 out of 5 stars","0"
"159",9,"Bryce Young",CAR,"QB26","5","","","2 out of 5 stars","+53"
"160",9,"Tank Bigsby",PHI,"RB53","10","","","4 out of 5 stars","+9"
"161",9,"Kayshon Boutte",HOU,"WR61","8","","","3 out of 5 stars","+36"
"162",9,"Jerry Jeudy",CLE,"WR62","11","","","3 out of 5 stars","+17"
"163",9,"Tyrone Tracy Jr.",NYG,"RB54","8","","","4 out of 5 stars","+29"
"164",9,"Denver Broncos",DEN,"DST2","10","","","4 out of 5 stars","-48"
"165",9,"Jalen McMillan",TB,"WR63","10","","","4 out of 5 stars","+41"
"166",9,"Los Angeles Rams",LAR,"DST3","11","","","2 out of 5 stars","-58"
"167",9,"Seattle Seahawks",SEA,"DST4","11","","","2 out of 5 stars","-43"
"168",10,"Braelon Allen",NYJ,"RB55","13","","","3 out of 5 stars","+32"
"169",10,"Jauan Jennings",MIN,"WR64","6","","","5 out of 5 stars","+36"
"170",10,"Omar Cooper Jr.",NYJ,"WR65","13","","","4 out of 5 stars","+55"
"171",10,"Dontayvion Wicks",PHI,"WR66","10","","","4 out of 5 stars","+86"
"172",10,"Brian Robinson Jr.",ATL,"RB56","11","","","2 out of 5 stars","-7"
"173",10,"Emmett Johnson",KC,"RB57","5","","","3 out of 5 stars","+12"
"174",10,"Tre' Harris",LAC,"WR67","7","","","2 out of 5 stars","+64"
"175",10,"Philadelphia Eagles",PHI,"DST5","10","","","0 out of 5 stars","-36"
"176",10,"Pat Bryant",DEN,"WR68","10","","","2 out of 5 stars","+102"
"177",10,"Ryan Flournoy",DAL,"WR69","14","","","2 out of 5 stars","+55"
"178",10,"T.J. Hockenson",MIN,"TE21","6","","","4 out of 5 stars","-11"
"179",10,"Ray Davis",BUF,"RB58","7","","","2 out of 5 stars","+50"
"180",10,"Malik Washington",MIA,"WR70","6","","","3 out of 5 stars","+43"
"181",10,"Brandon Aubrey",DAL,"K1","14","","","2 out of 5 stars","-86"
"182",10,"Minnesota Vikings",MIN,"DST6","6","","","1 out of 5 stars","-20"
"183",10,"Pittsburgh Steelers",PIT,"DST7","9","","","5 out of 5 stars","-32"
"184",10,"Jalen Nailor",LV,"WR71","13","","","2 out of 5 stars","+18"
"185",10,"New England Patriots",NE,"DST8","11","","","3 out of 5 stars","-32"
"186",10,"Jacksonville Jaguars",JAC,"DST9","7","","","3 out of 5 stars","-20"
"187",10,"Keenan Allen",IND,"WR72","13","","","4 out of 5 stars","-24"
"188",10,"Jacoby Brissett",ARI,"QB27","14","","","2 out of 5 stars","+33"
"189",10,"Ka'imi Fairbairn",HOU,"K2","8","","","2 out of 5 stars","-57"
"190",10,"Cameron Dicker",LAC,"K3","7","","","2 out of 5 stars","-57"
"191",10,"Isiah Pacheco",DET,"RB59","6","","","5 out of 5 stars","-32"
"192",10,"Los Angeles Chargers",LAC,"DST10","7","","","3 out of 5 stars","-21"
"193",10,"Baltimore Ravens",BAL,"DST11","13","","","5 out of 5 stars","-38"
"194",10,"Kimani Vidal",LAC,"RB60","7","","","3 out of 5 stars","+48"
"195",10,"Travis Hunter",JAC,"WR73","7","","","4 out of 5 stars","+24"
"196",10,"Jaylin Noel",HOU,"WR74","8","","","3 out of 5 stars","+81"
"197",10,"Cam Little",JAC,"K4","7","","","4 out of 5 stars","-47"
"198",10,"Terrance Ferguson",LAR,"TE22","11","","","4 out of 5 stars","+1"
"199",10,"Jason Myers",SEA,"K5","11","","","4 out of 5 stars","-63"
"200",10,"AJ Barner",SEA,"TE23","11","","","3 out of 5 stars","+9"
"201",10,"Calvin Ridley",TEN,"WR75","9","","","3 out of 5 stars","-8"
"202",10,"Aaron Rodgers",PIT,"QB28","9","","","2 out of 5 stars","+34"
"203",10,"Sean Tucker",TB,"RB61","10","","","2 out of 5 stars","+45"
"204",10,"Eddy Pineiro",SF,"K6","8","","","5 out of 5 stars","-24"
"205",10,"Ja'Kobi Lane",BAL,"WR76","13","","","4 out of 5 stars","-29"
"206",11,"Kansas City Chiefs",KC,"DST12","5","","","3 out of 5 stars","-15"
"207",11,"Gunnar Helm",TEN,"TE24","9","","","3 out of 5 stars","+72"
"208",11,"Green Bay Packers",GB,"DST13","11","","","2 out of 5 stars","-18"
"209",11,"Tyler Loop",BAL,"K7","13","","","3 out of 5 stars","-27"
"210",11,"Kenyon Sadiq",NYJ,"TE25","13","","","4 out of 5 stars","-36"
"211",11,"Nicholas Singleton",TEN,"RB62","9","","","3 out of 5 stars","+28"
"212",11,"Oronde Gadsden II",LAC,"TE26","7","","","4 out of 5 stars","+8"
"213",11,"Jake Bates",DET,"K8","6","","","5 out of 5 stars","-53"
"214",11,"Geno Smith",NYJ,"QB29","13","","","4 out of 5 stars","+168"
"215",11,"Isaac TeSlaa",DET,"WR77","6","","","4 out of 5 stars","+25"
"216",11,"Malachi Fields",NYG,"WR78","8","","","4 out of 5 stars","+12"
"217",11,"Cooper Kupp",SEA,"WR79","11","","","3 out of 5 stars","-7"
"218",11,"Rashod Bateman",BAL,"WR80","13","","","4 out of 5 stars","+63"
"219",11,"Cairo Santos",CHI,"K9","10","","","0 out of 5 stars","-25"
"220",11,"Kaelon Black",SF,"RB63","8","","","2 out of 5 stars","-24"
"221",11,"Evan McPherson",CIN,"K10","6","","","2 out of 5 stars","-35"
"222",11,"Chris Bell",MIA,"WR81","6","","","3 out of 5 stars","+23"
"223",11,"James Conner",ARI,"RB64","14","","","2 out of 5 stars","+50"
"224",11,"Zachariah Branch",ATL,"WR82","11","","","3 out of 5 stars","+43"
"225",11,"Detroit Lions",DET,"DST14","6","","","5 out of 5 stars","-42"
"226",11,"Pat Freiermuth",PIT,"TE27","9","","","2 out of 5 stars","+20"
"227",11,"Darnell Mooney",NYG,"WR83","8","","","4 out of 5 stars","+74"
"228",11,"Andy Borregales",NE,"K11","11","","","1 out of 5 stars","-14"
"229",11,"Troy Franklin",DEN,"WR84","10","","","2 out of 5 stars","+62"
"230",11,"Harrison Mevis",LAR,"K12","11","","","2 out of 5 stars","-66"
"231",11,"Germie Bernard",PIT,"WR85","9","","","3 out of 5 stars","+53"
"232",11,"Tank Dell",HOU,"WR86","8","","","3 out of 5 stars","-28"
"233",11,"Chase McLaughlin",TB,"K13","10","","","3 out of 5 stars","-16"
"234",11,"Buffalo Bills",BUF,"DST15","7","","","3 out of 5 stars","-45"
"235",11,"Caleb Douglas",MIA,"WR87","6","","","3 out of 5 stars","-22"
"236",11,"Cade Otton",TB,"TE28","10","","","2 out of 5 stars","+5"
"237",11,"Kaytron Allen",WAS,"RB65","7","","","4 out of 5 stars","+12"
"238",11,"Malik Davis",DAL,"RB66","14","","","4 out of 5 stars","+30"
"239",11,"Justice Hill",BAL,"RB67","13","","","3 out of 5 stars","-15"
"240",11,"Cleveland Browns",CLE,"DST16","11","","","5 out of 5 stars","-42"
"241",11,"Jaylen Wright",MIA,"RB68","6","","","3 out of 5 stars","+14"
"242",11,"Emanuel Wilson",SEA,"RB69","11","","","4 out of 5 stars","+69"
"243",11,"Antonio Williams",WAS,"WR88","7","","","2 out of 5 stars","+29"
"244",11,"George Holani",SEA,"RB70","11","","","4 out of 5 stars","+16"
"245",11,"Najee Harris",NYG,"RB71","8","","","4 out of 5 stars","-8"
"246",11,"Ted Hurst III",TB,"WR89","10","","","4 out of 5 stars","+48"
"247",11,"Greg Dulcich",MIA,"TE29","6","","","5 out of 5 stars","-31"
"248",11,"Devaughn Vele",NO,"WR90","8","","","3 out of 5 stars","+5"
"249",11,"Keon Coleman",BUF,"WR91","7","","","4 out of 5 stars","+47"
"250",11,"Evan Engram",DEN,"TE30","10","","","4 out of 5 stars","+111"
"251",11,"Jack Bech",LV,"WR92","13","","","2 out of 5 stars","+47"
"252",11,"Chris Brooks",GB,"RB72","11","","","4 out of 5 stars","+22"
"253",11,"Harrison Butker",KC,"K14","5","","","5 out of 5 stars","-76"
"254",11,"Chris Boswell",PIT,"K15","9","","","4 out of 5 stars","-46"
"255",11,"David Njoku",LAC,"TE31","7","","","4 out of 5 stars","-40"
"256",11,"Fernando Mendoza",LV,"QB30","13","","","1 out of 5 stars","-29"
"257",11,"Kaleb Johnson",GB,"RB73","11","","","4 out of 5 stars","-39"
"258",11,"Chimere Dike",TEN,"WR93","9","","","3 out of 5 stars","+5"
"259",11,"Demond Claiborne",MIN,"RB74","6","","","4 out of 5 stars","+53"
"260",11,"Samaje Perine",CIN,"RB75","6","","","2 out of 5 stars","+15"
"261",11,"Elic Ayomanor",TEN,"WR94","9","","","3 out of 5 stars","+54"
"262",11,"Cyrus Allen",KC,"WR95","5","","","2 out of 5 stars","-59"
"263",11,"Ollie Gordon II",MIA,"RB76","6","","","3 out of 5 stars","+154"
"264",11,"Isaiah Davis",NYJ,"RB77","13","","","3 out of 5 stars","+389"
"265",12,"Colby Parkinson",LAR,"TE32","11","","","4 out of 5 stars","+45"
"266",12,"Tyquan Thornton",KC,"WR96","5","","","2 out of 5 stars","+159"
"267",12,"Ty Johnson",BUF,"RB78","7","","","2 out of 5 stars","+35"
"268",12,"LeQuint Allen Jr.",JAC,"RB79","7","","","4 out of 5 stars","+162"
"269",12,"Jordan James",SF,"RB80","8","","","2 out of 5 stars","-39"
"270",12,"Wil Lutz",DEN,"K16","10","","","1 out of 5 stars","-63"
"271",12,"Will Reichard",MIN,"K17","6","","","2 out of 5 stars","-83"
"272",12,"Tory Horton",SEA,"WR97","11","","","3 out of 5 stars","+25"
"273",12,"Seth McGowan",IND,"RB81","13","","","4 out of 5 stars","+15"
"274",12,"Elijah Sarratt",BAL,"WR98","13","","","4 out of 5 stars","+75"
"275",12,"Tua Tagovailoa",ATL,"QB31","11","","","4 out of 5 stars","+10"
"276",12,"Darius Slayton",NYG,"WR99","8","","","4 out of 5 stars","+219"
"277",12,"Mason Taylor",NYJ,"TE33","13","","","4 out of 5 stars","+10"
"278",12,"Michael Penix Jr.",ATL,"QB32","11","","","4 out of 5 stars","+4"
"279",12,"Xavier Legette",CAR,"WR100","5","","","2 out of 5 stars","+226"
"280",12,"Christian Kirk",SF,"WR101","8","","","2 out of 5 stars","-22"
"281",12,"Marvin Mims Jr.",DEN,"WR102","10","","","2 out of 5 stars","+18"
"282",12,"Kendre Miller",NO,"RB82","8","","","3 out of 5 stars","+42"
"283",12,"Kirk Cousins",LV,"QB33","13","","","1 out of 5 stars","+17"
"284",12,"DJ Giddens",IND,"RB83","13","","","4 out of 5 stars","+151"
"285",12,"Theo Johnson",NYG,"TE34","8","","","3 out of 5 stars","+40"
"286",12,"Deshaun Watson",CLE,"QB34","11","","","4 out of 5 stars","+116"
"287",12,"San Francisco 49ers",SF,"DST17","8","","","3 out of 5 stars","-54"
"288",12,"Kyle Williams",NE,"WR103","11","","","2 out of 5 stars","-27"
"289",12,"Shedeur Sanders",CLE,"QB35","11","","","4 out of 5 stars","-37"
"290",12,"Atlanta Falcons",ATL,"DST18","11","","","4 out of 5 stars","-56"
"291",12,"Brashard Smith",KC,"RB84","5","","","3 out of 5 stars","+50"
"292",12,"Eli Stowers",PHI,"TE35","10","","","4 out of 5 stars","-33"
"293",12,"Devin Singletary",NYG,"RB85","8","","","4 out of 5 stars","-31"
"294",12,"New Orleans Saints",NO,"DST19","8","","","5 out of 5 stars","-44"
"295",12,"Mack Hollins",NE,"WR104","11","","","2 out of 5 stars","+374"
"296",12,"Skyler Bell",BUF,"WR105","7","","","4 out of 5 stars","+21"
"297",12,"Jaydon Blue",PHI,"RB86","10","","","4 out of 5 stars","-26"
"298",12,"Hollywood Brown",PHI,"WR106","10","","","4 out of 5 stars","+38"
"299",12,"Adam Randall",BAL,"RB87","13","","","3 out of 5 stars","+375"
"300",12,"Devin Neal",FA,"RB88","-","","","-","+40"
"301",12,"Emari Demercado",DAL,"RB89","14","","","4 out of 5 stars","+77"
"302",12,"Isaiah Bond",CLE,"WR107","11","","","3 out of 5 stars","+350"
"303",12,"Mike Gesicki",CIN,"TE36","6","","","3 out of 5 stars","+65"
"304",12,"Trevor Etienne",CAR,"RB90","5","","","1 out of 5 stars","+355"
"305",12,"Indianapolis Colts",IND,"DST20","13","","","5 out of 5 stars","-29"
"306",12,"Brandon Aiyuk",SF,"WR108","8","","","2 out of 5 stars","-37"
"307",12,"Trey Benson",ARI,"RB91","14","","","2 out of 5 stars","+23"
"308",12,"Jake Tonges",SF,"TE37","8","","","3 out of 5 stars","0"
"309",12,"DeMario Douglas",NE,"WR109","11","","","2 out of 5 stars","+306"
"310",12,"Darren Waller",CAR,"TE38","5","","","2 out of 5 stars","+117"
"311",12,"Andrei Iosivas",CIN,"WR110","6","","","4 out of 5 stars","+113"
"312",13,"Chicago Bears",CHI,"DST21","10","","","2 out of 5 stars","-117"
"313",13,"Tahj Brooks",CIN,"RB92","6","","","2 out of 5 stars","+202"
"314",13,"Will Shipley",PHI,"RB93","10","","","4 out of 5 stars","+254"
"315",13,"Isaac Guerendo",SF,"RB94","8","","","2 out of 5 stars","+270"
"316",13,"Audric Estime",NO,"RB95","8","","","3 out of 5 stars","+26"
"317",13,"Jerome Ford",WAS,"RB96","7","","","4 out of 5 stars","+219"
"318",13,"Michael Mayer",LV,"TE39","13","","","3 out of 5 stars","+148"
"319",13,"Darnell Washington",PIT,"TE40","9","","","2 out of 5 stars","-24"
"320",13,"Tyreek Hill",FA,"WR111","-","","","-","-73"
"321",13,"Charlie Kolar",LAC,"TE41","7","","","4 out of 5 stars","+213"
"322",13,"Oscar Delp",NO,"TE42","8","","","2 out of 5 stars","+325"
"323",13,"Jahan Dotson",ATL,"WR112","11","","","3 out of 5 stars","+214"
"324",13,"Charlie Smyth",NO,"K18","8","","","5 out of 5 stars","-19"
"325",13,"Jaleel McLaughlin",CLE,"RB97","11","","","3 out of 5 stars","+294"
"326",13,"Jarquez Hunter",FA,"RB98","-","","","-","+90"
"327",13,"Xavier Hutchinson",HOU,"WR113","8","","","3 out of 5 stars","+338"
"328",13,"Bryce Lance",NO,"WR114","8","","","3 out of 5 stars","+150"
"329",13,"Elijah Arroyo",SEA,"TE43","11","","","3 out of 5 stars","+25"
"330",13,"Kareem Hunt",FA,"RB99","-","","","-","+71"
"331",13,"Jalen Tolbert",MIA,"WR115","6","","","3 out of 5 stars","+244"
"332",13,"Carson Beck",ARI,"QB36","14","","","2 out of 5 stars","+112"
"333",13,"Dallas Cowboys",DAL,"DST22","14","","","1 out of 5 stars","-146"
"334",13,"Eli Raridon",NE,"TE44","11","","","4 out of 5 stars","+70"
"335",13,"Dawson Knox",BUF,"TE45","7","","","3 out of 5 stars","-15"
"336",13,"Cole Kmet",CHI,"TE46","10","","","2 out of 5 stars","-43"
"337",13,"Bam Knight",ARI,"RB100","14","","","2 out of 5 stars","+138"
"338",13,"Kendrick Bourne",ARI,"WR116","14","","","2 out of 5 stars","+322"
"339",13,"Erick All Jr.",CIN,"TE47","6","","","3 out of 5 stars","+163"
"340",13,"Olamide Zaccheaus",ATL,"WR117","11","","","3 out of 5 stars","+280"
"341",13,"Tyler Higbee",LAR,"TE48","11","","","4 out of 5 stars","+5"
"342",13,"Tez Johnson",TB,"WR118","10","","","4 out of 5 stars","+117"
"343",13,"Konata Mumpfield",LAR,"WR119","11","","","1 out of 5 stars","+38"
"344",13,"J.J. McCarthy",MIN,"QB37","6","","","5 out of 5 stars","-93"
"345",13,"Jalen Royals",KC,"WR120","5","","","2 out of 5 stars","+148"
"346",13,"Max Klare",LAR,"TE49","11","","","4 out of 5 stars","+47"
"347",13,"Brenen Thompson",LAC,"WR121","7","","","2 out of 5 stars","+314"
"348",13,"Chris Brazzell II",CAR,"WR122","5","","","2 out of 5 stars","+334"
"349",13,"Joshua Palmer",BUF,"WR123","7","","","4 out of 5 stars","-4"
"350",13,"Tyler Bass",BUF,"K19","7","","","2 out of 5 stars","-124"
"351",13,"Noah Gray",KC,"TE50","5","","","4 out of 5 stars","+13"
"352",13,"Jake Elliott",PHI,"K20","10","","","5 out of 5 stars","-109"
"353",13,"Luke McCaffrey",WAS,"WR124","7","","","2 out of 5 stars","-21"
"354",13,"Mac Jones",SF,"QB38","8","","","1 out of 5 stars","+128"
"355",13,"Malik Benson",LV,"WR125","13","","","2 out of 5 stars","+194"
"356",13,"Jacob Saylors",DET,"RB101","6","","","5 out of 5 stars","+66"
"357",13,"Joe Mixon",FA,"RB102","-","","","-","-93"
"358",13,"Roman Wilson",PIT,"WR126","9","","","3 out of 5 stars","+148"
"359",13,"Cedric Tillman",NO,"WR127","8","","","3 out of 5 stars","-"
"360",13,"Ja'Tavion Sanders",CAR,"TE51","5","","","2 out of 5 stars","-12"
"361",13,"Treylon Burks",WAS,"WR128","7","","","2 out of 5 stars","+284"
"362",13,"Trey Smack",GB,"K21","11","","","4 out of 5 stars","-151"
"363",13,"Justin Fields",KC,"QB39","5","","","2 out of 5 stars","-20"
"364",13,"New York Giants",NYG,"DST23","8","","","1 out of 5 stars","-142"
"365",13,"Kalif Raymond",CHI,"WR129","10","","","3 out of 5 stars","+64"
"366",13,"Eli Heidenreich",PIT,"RB103","9","","","2 out of 5 stars","+55"
"367",13,"Zavion Thomas",CHI,"WR130","10","","","3 out of 5 stars","-64"
"368",14,"Carolina Panthers",CAR,"DST24","5","","","3 out of 5 stars","-114"
"369",14,"Ty Simpson",LAR,"QB40","11","","","3 out of 5 stars","-99"
"370",14,"Kevin Coleman Jr.",MIA,"WR131","6","","","3 out of 5 stars","+307"
"371",14,"Roschon Johnson",CHI,"RB104","10","","","2 out of 5 stars","-32"
"372",14,"Michael Carter",TEN,"RB105","9","","","3 out of 5 stars","+209"
"373",14,"Odell Beckham Jr.",NYG,"WR132","8","","","4 out of 5 stars","-90"
"374",14,"Colbie Young",CIN,"WR133","6","","","4 out of 5 stars","-27"
"375",14,"KaVontae Turpin",DAL,"WR134","14","","","2 out of 5 stars","-24"
"376",14,"Savion Williams",GB,"WR135","11","","","5 out of 5 stars","+282"
"377",14,"Anthony Richardson Sr.",IND,"QB41","13","","","4 out of 5 stars","+49"
"378",14,"Tampa Bay Buccaneers",TB,"DST25","10","","","4 out of 5 stars","-92"
"379",14,"Demarcus Robinson",SF,"WR136","8","","","2 out of 5 stars","+26"
"380",14,"Raheim Sanders",CLE,"RB106","11","","","3 out of 5 stars","+264"
"381",14,"John Metchie III",CAR,"WR137","5","","","2 out of 5 stars","+269"
"382",14,"Sione Vaki",DET,"RB107","6","","","5 out of 5 stars","+87"
"383",14,"Tutu Atwell",LAR,"WR138","11","","","1 out of 5 stars","+252"
"384",14,"Noah Fant",NO,"TE52","8","","","2 out of 5 stars","+73"
"385",14,"Joe Flacco",CIN,"QB42","6","","","3 out of 5 stars","-47"
"386",14,"Kyle Juszczyk",SF,"RB108","8","","","2 out of 5 stars","+20"
"387",14,"Dont'e Thornton Jr.",LV,"WR139","13","","","2 out of 5 stars","+226"
"388",14,"Rasheen Ali",BAL,"RB109","13","","","3 out of 5 stars","-"
"389",14,"Jameis Winston",NYG,"QB43","8","","","4 out of 5 stars","-75"
"390",14,"Daniel Carlson",NO,"K22","8","","","5 out of 5 stars","-"
"391",14,"Tennessee Titans",TEN,"DST26","9","","","2 out of 5 stars","-125"
"392",14,"CJ Daniels",LAR,"WR140","11","","","1 out of 5 stars","-33"
"393",14,"Tommy Tremble",CAR,"TE53","5","","","2 out of 5 stars","-3"
"394",14,"Jaylin Lane",WAS,"WR141","7","","","2 out of 5 stars","+205"
"395",14,"Zane Gonzalez",FA,"K23","-","","","-","+88"
"396",14,"Jawhar Jordan",HOU,"RB110","8","","","4 out of 5 stars","+267"
"397",14,"Spencer Shrader",IND,"K24","13","","","4 out of 5 stars","-153"
"398",14,"J'Mari Taylor",JAC,"RB111","7","","","4 out of 5 stars","-"
"399",14,"Justin Joly",MIA,"TE54","6","","","5 out of 5 stars","+10"
"400",14,"Ben Sinnott",WAS,"TE55","7","","","1 out of 5 stars","+262"
"401",14,"Cincinnati Bengals",CIN,"DST27","6","","","4 out of 5 stars","-145"
"402",14,"Nick Folk",ATL,"K25","11","","","0 out of 5 stars","-36"
"403",14,"Ashton Dulin",IND,"WR142","13","","","4 out of 5 stars","+7"
"404",14,"Cade Klubnik",NYJ,"QB44","13","","","4 out of 5 stars","+107"
"405",14,"Barion Brown",NO,"WR143","8","","","3 out of 5 stars","-50"
"406",14,"Marcus Mariota",WAS,"QB45","7","","","2 out of 5 stars","+112"
"407",14,"Blake Grupe",NYJ,"K26","13","","","2 out of 5 stars","-101"
"408",14,"Mitchell Evans",CAR,"TE56","5","","","2 out of 5 stars","+56"
"409",14,"Las Vegas Raiders",LV,"DST28","13","","","4 out of 5 stars","-144"
"410",14,"Daniel Bellinger",TEN,"TE57","9","","","3 out of 5 stars","+193"
"411",14,"Nick Westbrook-Ikhine",FA,"WR144","-","","","-","+260"
"412",14,"Jonnu Smith",GB,"TE58","11","","","2 out of 5 stars","-5"
"413",14,"Ryan Fitzgerald",CAR,"K27","5","","","0 out of 5 stars","-78"
"414",14,"Luke Musgrave",GB,"TE59","11","","","2 out of 5 stars","+95"
"415",14,"Jordan Whittington",LAR,"WR145","11","","","1 out of 5 stars","-45"
"416",14,"Phil Mafah",FA,"RB112","-","","","-","-"
"417",14,"Devontez Walker",BAL,"WR146","13","","","4 out of 5 stars","-99"
"418",14,"Joey Slye",TEN,"K28","9","","","4 out of 5 stars","-96"
"419",14,"Dylan Laube",LV,"RB113","13","","","2 out of 5 stars","-"
"420",14,"Washington Commanders",WAS,"DST29","7","","","2 out of 5 stars","-140"
"421",14,"Jam Miller",FA,"RB114","-","","","-","+162"
"422",14,"Jeremy McNichols",WAS,"RB115","7","","","4 out of 5 stars","-"
"423",14,"Isaiah Williams",NYJ,"WR147","13","","","4 out of 5 stars","+234"
"424",14,"Elijah Higgins",ARI,"TE60","14","","","2 out of 5 stars","-51"
"425",14,"Corey Kiner",NE,"RB116","11","","","2 out of 5 stars","-"
"426",14,"Miami Dolphins",MIA,"DST30","6","","","3 out of 5 stars","-134"
"427",14,"Chad Ryland",ARI,"K29","14","","","2 out of 5 stars","-114"
"428",14,"Khalil Herbert",FA,"RB117","-","","","-","-"
"429",14,"Austin Hooper",ATL,"TE61","11","","","3 out of 5 stars","+61"
"430",14,"Ben Sauls",FA,"K30","-","","","-","-114"
"431",14,"Austin Ekeler",FA,"RB118","-","","","-","+39"
"432",14,"Tyler Goodson",ATL,"RB119","11","","","2 out of 5 stars","-"
"433",14,"Brandon McManus",FA,"K31","-","","","-","-39"
"434",15,"Matt Hibner",BAL,"TE62","13","","","4 out of 5 stars","-"
"435",15,"Ronnie Rivers",LAR,"RB120","11","","","5 out of 5 stars","+123"
"436",15,"Dohnte Meyers",CIN,"WR148","6","","","4 out of 5 stars","-105"
"437",15,"Dameon Pierce",PHI,"RB121","10","","","4 out of 5 stars","-"
"438",15,"Dyami Brown",WAS,"WR149","7","","","2 out of 5 stars","+62"
"439",15,"Hunter Luepke",DAL,"RB122","14","","","4 out of 5 stars","+69"
"440",15,"Deion Burks",IND,"WR150","13","","","4 out of 5 stars","+81"
"441",15,"Tai Felton",MIN,"WR151","6","","","5 out of 5 stars","+244"
"442",15,"John Bates",WAS,"TE63","7","","","1 out of 5 stars","+214"
"443",15,"Antonio Williams",FA,"RB123","-","","","-","-"
"444",15,"Marlin Klein",HOU,"TE64","8","","","4 out of 5 stars","+111"
"445",15,"New York Jets",NYJ,"DST31","13","","","4 out of 5 stars","-58"
"446",15,"Joe Milton III",DAL,"QB46","14","","","2 out of 5 stars","+34"
"447",15,"Zavier Scott",CHI,"RB124","10","","","2 out of 5 stars","-"
"448",15,"Drew Stevens",WAS,"K32","7","","","5 out of 5 stars","-139"
"449",15,"Terrell Jennings",FA,"RB125","-","","","-","-"
"450",15,"AJ Dillon",CAR,"RB126","5","","","1 out of 5 stars","-52"
"451",15,"Marquez Valdes-Scantling",FA,"WR152","-","","","-","+137"
"452",15,"Josh Williams",TB,"RB127","10","","","2 out of 5 stars","-73"
"453",15,"Greg Dortch",BUF,"WR153","7","","","4 out of 5 stars","+225"
"454",15,"Zach Ertz",FA,"TE65","-","","","-","+142"
"455",15,"Jacob Cowing",SF,"WR154","8","","","2 out of 5 stars","+226"
"456",15,"Ameer Abdullah",JAC,"RB128","7","","","4 out of 5 stars","-"
"457",15,"Arizona Cardinals",ARI,"DST32","14","","","2 out of 5 stars","-150"
"458",15,"Jalen Reagor",FA,"WR155","-","","","-","-"
"459",15,"Max Bredeson",MIN,"RB129","6","","","4 out of 5 stars","+192"
"460",15,"Elijah Moore",PHI,"WR156","10","","","4 out of 5 stars","-75"
"461",15,"Tommy Myers",FA,"TE66","-","","","-","-"
"462",15,"Chris Blair",ATL,"WR157","11","","","3 out of 5 stars","-"
"463",15,"Jahdae Walker",CHI,"WR158","10","","","3 out of 5 stars","-17"
"464",15,"Antonio Gibson",FA,"RB130","-","","","-","+143"
"465",15,"Reggie Virgil",ARI,"WR159","14","","","2 out of 5 stars","+233"
"466",15,"Jake Browning",FA,"QB47","-","","","-","+75"
"467",15,"Reggie Gilliam",NE,"RB131","11","","","2 out of 5 stars","+72"
"468",15,"Nate Boerkircher",JAC,"TE67","7","","","3 out of 5 stars","-37"
"469",15,"Jake Bobo",SEA,"WR160","11","","","3 out of 5 stars","+92"
"470",15,"Drew Sample",CIN,"TE68","6","","","3 out of 5 stars","+22"
"471",15,"Josh Cameron",JAC,"WR161","7","","","4 out of 5 stars","-48"
"472",15,"Jordan Watkins",SF,"WR162","8","","","2 out of 5 stars","-"
"473",15,"Kene Nwangwu",NYJ,"RB132","13","","","3 out of 5 stars","-"
"474",15,"Drew Allar",PIT,"QB48","9","","","2 out of 5 stars","-141"
"475",15,"Jackson Hawes",BUF,"TE69","7","","","3 out of 5 stars","-39"
"476",15,"Xavier Smith",LAR,"WR163","11","","","1 out of 5 stars","-15"
"477",15,"Jaydn Ott",KC,"RB133","5","","","3 out of 5 stars","-"
"478",15,"Josh Oliver",MIN,"TE70","6","","","4 out of 5 stars","-115"
"479",15,"Tanner Koziol",JAC,"TE71","7","","","3 out of 5 stars","+108"
"480",15,"Xavier Restrepo",TEN,"WR164","9","","","3 out of 5 stars","-"
"481",15,"Jimmy Horn Jr.",CAR,"WR165","5","","","2 out of 5 stars","-44"
"482",15,"Riley Leonard",IND,"QB49","13","","","4 out of 5 stars","+155"
"483",15,"Damien Martinez",FA,"RB134","-","","","-","-"
"484",15,"Kalel Mullings",TEN,"RB135","9","","","3 out of 5 stars","-"
"485",15,"Derius Davis",LAC,"WR166","7","","","2 out of 5 stars","+194"
"486",15,"Miles Sanders",FA,"RB136","-","","","-","-"
"487",15,"Gardner Minshew II",ARI,"QB50","14","","","2 out of 5 stars","-122"
"488",15,"Isaiah Williams",FA,"WR167","-","","","-","-"
"489",15,"Taylen Green",CLE,"QB51","11","","","4 out of 5 stars","-"
"490",15,"Julius Chestnut",TEN,"RB137","9","","","3 out of 5 stars","-"
"491",15,"Adam Trautman",DEN,"TE72","10","","","4 out of 5 stars","-59"
"492",15,"Theo Wease Jr.",LAC,"WR168","7","","","2 out of 5 stars","-"
"493",15,"Jason Sanders",FA,"K33","-","","","-","-189"
"494",15,"Dominic Zvada",NYG,"K34","8","","","2 out of 5 stars","-136"
"495",15,"Tyler Badie",DEN,"RB138","10","","","2 out of 5 stars","-"
"496",15,"Tyrod Taylor",GB,"QB52","11","","","4 out of 5 stars","-134"
"497",15,"Tyson Bagent",CHI,"QB53","10","","","3 out of 5 stars","0"
"498",15,"Tim Patrick",NYJ,"WR169","13","","","4 out of 5 stars","-"
"499",15,"Davis Mills",HOU,"QB54","8","","","4 out of 5 stars","+26"
"500",15,"Lew Nichols III",PIT,"RB139","9","","","2 out of 5 stars","-"
"501",15,"Brandin Cooks",FA,"WR170","-","","","-","-"
"502",15,"Scotty Miller",CHI,"WR171","10","","","3 out of 5 stars","-"
"503",15,"Kaden Wetjen",PIT,"WR172","9","","","3 out of 5 stars","-114"
"504",15,"Patrick Ricard",NYG,"RB140","8","","","4 out of 5 stars","+36"
"505",15,"Luke Schoonmaker",DAL,"TE73","14","","","2 out of 5 stars","-133"
"506",15,"Juice Wells Jr.",FA,"WR173","-","","","-","-"
"507",15,"Jalen Milroe",SEA,"QB55","11","","","4 out of 5 stars","+59"
"508",15,"Tyler Lockett",LV,"WR174","13","","","2 out of 5 stars","-"
"509",15,"Michael Woods II",DEN,"WR175","10","","","2 out of 5 stars","-"
"510",15,"Alec Ingold",LAC,"RB141","7","","","3 out of 5 stars","+163"
"511",15,"Quinn Ewers",JAC,"QB56","7","","","4 out of 5 stars","-159"
"512",16,"Tanner Hudson",CIN,"TE74","6","","","3 out of 5 stars","-"
"513",16,"Michael Trigg",DAL,"TE75","14","","","2 out of 5 stars","-185"
"514",16,"Trey Lance",LAC,"QB57","7","","","2 out of 5 stars","-16"
"515",16,"Jeremy Ruckert",NYJ,"TE76","13","","","4 out of 5 stars","+149"
"516",16,"Cash Jones",ATL,"RB142","11","","","2 out of 5 stars","-"
"517",16,"Cade Stover",HOU,"TE77","8","","","4 out of 5 stars","-14"
"518",16,"Kevin Austin Jr.",NO,"WR176","8","","","3 out of 5 stars","-"
"519",16,"Jack Strand",ATL,"QB58","11","","","4 out of 5 stars","-162"
"520",16,"Brock Wright",DET,"TE78","6","","","3 out of 5 stars","-153"
"521",16,"Lan Larison",NE,"RB143","11","","","2 out of 5 stars","-"
"522",16,"DeAndre Hopkins",BAL,"WR177","13","","","4 out of 5 stars","+69"
"523",16,"Mitch Tinsley",HOU,"WR178","8","","","3 out of 5 stars","-"
"524",16,"Brittain Brown",CHI,"RB144","10","","","2 out of 5 stars","-"
"525",16,"Kendrick Law",DET,"WR179","6","","","4 out of 5 stars","-"
"526",16,"Will Kacmarek",MIA,"TE79","6","","","5 out of 5 stars","+74"
"527",16,"Jelani Woods",NYJ,"TE80","13","","","4 out of 5 stars","-89"
"528",16,"Tyler Conklin",DET,"TE81","6","","","3 out of 5 stars","+3"
"529",16,"Foster Moreau",HOU,"TE82","8","","","4 out of 5 stars","+138"
"530",16,"Sam Roush",CHI,"TE83","10","","","2 out of 5 stars","-159"
"531",16,"Lil'Jordan Humphrey",DEN,"WR180","10","","","2 out of 5 stars","-187"
"532",16,"Taysom Hill",FA,"TE84","-","","","-","-74"